Author,Message,Timestamp
ropf,"Hello, BDSA students!",1690891760
adho,"Welcome to the course!",1690978778
adho,"I hope you had a good summer.",1690979858
ropf,"Cheeping cheeps on Chirp :)",1690981487
vmem,end2end test,1726148417
vmem,singleton test gg,1726676068
vmem,end2end test,1726676256
vmem,end2end test,1726759939
Chad,test,1726759939
Chad,API test deluxe,1726759939
vmem,end2end test,1726761410
axel,d,1726837953
axel,inshallah,1726840159
axel,45 bananer i min taske,1726840426
vmem,test,1726841979